Site URL,Article URL
https://actublogue.fr,https://actublogue.fr/gestion-des-biodechets-en-entreprise-pourquoi-traiter-les-dechets-alimentaires-sur-place/
https://bloguenouvelles.fr,https://bloguenouvelles.fr/ou-est-le-meilleur-endroit-pour-installer-une-batterie-solaire/
https://mahfil.in,NOT FOUND
https://viewri.com,https://viewri.com/instagram/
https://acubody.net,https://www.acubody.net/resources/consultation/
https://dubaitweeks.com,https://dubaitweeks.com/dubai-tour/
https://replyideas.com,NOT FOUND
https://grammartwists.com,NOT FOUND
https://slanginsights.com,NOT FOUND
https://findernames.com,NOT FOUND
https://animaldive.com,NOT FOUND
https://quoticnest.com,NOT FOUND
https://chucklesnames.com,NOT FOUND
https://writewithenglish.com,NOT FOUND
https://stepsinmile.com,NOT FOUND
https://definecorrect.com,NOT FOUND
https://meanfind.com,NOT FOUND
https://therenweb.com,https://therenweb.com/how-schools-and-edtech-businesses-can-use-guest-posts-responsibly/
https://measuralogic.com,NOT FOUND
https://grammarwrap.com,NOT FOUND
https://captionzhub.com,NOT FOUND
https://readunwritten.com,https://www.readunwritten.com/2026/09/23/figuring-out-what-want-verses-expected/
https://przegladdziennikarski.pl,NOT FOUND
https://techcopes.com,https://techcopes.com/blog/bestcontent-creation-practices-for-writers-and-publishers/
https://fintechzoom-io.co.uk,https://fintechzoom-io.co.uk/how-to-build-a-lender-universe-for-a-structured-debt-transaction/
https://targetcompanyurlresearch.com,https://targetcompanyurlresearch.com/target-company-url-sales-research-analysis/
https://techsearchinfo.com,https://techsearchinfo.com/300-best-comment-for-girl-cute-funny-romantic-stylish-ideas/
https://namkosh.com,https://namkosh.com/2026/09/
https://homespacess.com,https://homespacess.com/technology/apps-technology/
https://infopoka.com,https://infopoka.com/c/tips/
https://alamdiya.com,https://alamdiya.com/how-to-plan-a-relaxing-mountain-getaway/
https://understandingitaly.com,NOT FOUND
https://fstoryamerica.com,https://fstoryamerica.com/viewer/account/
https://nylahome.co.uk,https://nylahome.co.uk/celebrity-homes/athletes/basketball-players/
https://beingnaturalhuman.com,https://www.beingnaturalhuman.com/about-us/
https://findcult.com,https://www.findcult.com/about-us/
https://drtraveller.com,https://www.drtraveller.com/contact-us/
https://techwebin.com,https://www.techwebin.com/wp-login.php
https://webinfoblog.com,https://www.webinfoblog.com/programming-vs-coding/
https://healthglowera.com,https://www.healthglowera.com/shrminer-brings-intelligent-computing-power-into-focus/
https://teckthrive.com,https://www.teckthrive.com/psychology-of-sports-fandom-and-risk/
https://businessinsiderblogs.com,https://www.businessinsiderblogs.com/how-corporate-relocations-are-reshaping-commercial-real-estate-capital-allocation/
https://makeallure.com,https://www.makeallure.com/contact-us/
https://techtargetmedia.com,https://www.techtargetmedia.com/about-us/
https://fsi-blog.com,https://fsi-blog.com/online-html-editor-compiler-by-fsiblog/
https://wexfordins.com,https://www.wexfordins.com/transportation/transportation
https://spybroski.com,https://spybroski.com/blog/posts/top-5-best-sites-to-buy-tik-tok-followers-in-2026-compared
https://theinternetchicks.de,https://theinternetchicks.de/contact-us/
https://dwellifyhome.com,https://dwellifyhome.com/blog/category/home-solutions/cleaning-pest-control/
https://tuwaga.id,https://tuwaga.id/listicle/dana-tunai-kendaraan/rekomendasi-dana-talangan-bpkb-untuk-bisnis
https://beautyandthemist.com,https://beautyandthemist.com/2026/09/spanish-lessons-for-beginners-expert-recommendations-for-effective-learning-strategies/
https://ontpress.com,NOT FOUND
https://socioblend.com,https://socioblend.com/buy-discord-members
https://disquantified.org,NOT FOUND
https://formotorbikes.com,NOT FOUND
https://ibomma.cam,NOT FOUND
https://livepositively.com,https://livepositively.com/education-and-learning/top-8-skills-courses-that-deliver-real-change-in-how-professionals-work
https://rebecca-angela.com.au,https://rebecca-angela.com.au/2026/09/
https://foisdefrance.fr,https://foisdefrance.fr/contactez-nous/
https://kaashivinfotech.com,NOT FOUND
https://wikitechy.com,https://www.wikitechy.com/articles/all/1
https://businessisright.com,https://www.businessisright.com/synthetic-indices-vs-forex/
https://marketwatchmedia.com,https://www.marketwatchmedia.com/custom-rucksacks-for-brands-businesses/
https://beautyation.com,https://www.beautyation.com/about-us/
https://clubhitech.com,https://www.clubhitech.com/about-us/
https://techiescity.com,https://www.techiescity.com/about-us/
https://computersmarketing.com,https://www.computersmarketing.com/understanding-ai-image-generators/
https://thehealthgrades.com,https://www.thehealthgrades.com/wp-login.php
https://teckinno.com,https://www.teckinno.com/about-us/
https://nextleveltechie.com,https://www.nextleveltechie.com/shopping-norte/
https://healthupp.com,https://www.healthupp.com/stomach-cancer-diagnosis-tests-symptoms-and-what-to-expect/
https://legalants.com,https://www.legalants.com/about-us/
https://hlffitness.com,https://www.hlffitness.com/what-is-the-strongest-weight-loss-prescription-pill/
https://computertechreviews.com,https://www.computertechreviews.com/about-us/
https://therecover.com,https://therecover.com/treatment-centers/
https://lovelolablog.com,NOT FOUND
https://quickref.me,https://quickref.me/javascript
https://rogrand525.com,https://rogrand525.com/inspired-by-collective-vision/
https://hondingo88.com,https://hondingo88.com/who-we-are/
https://coherentlab.com,https://coherentlab.com/ai-app-development-company
https://finehomesandliving.com,https://finehomesandliving.com/fashion/mens_fashion/from-deck-to-date-night-the-men-s-fall-shoe-rotation-that-actually-works/article_96cb7ce2-6cbe-430e-a949-31f54f2c6527.html
https://gazettedupmu2.com,https://gazettedupmu2.com/100pour100-ticket-gagnant/
https://lafontpresse.fr,https://lafontpresse.fr/football/
https://tattvammedia.com,https://tattvammedia.com/cdn-cgi/l/email-protection
https://navarrainformacion.es,NOT FOUND
https://naijatechguide.com,NOT FOUND
https://europeanbusinessmagazine.com,NOT FOUND
https://thebossmagazine.com,NOT FOUND
https://insightsmagazine.fr,https://insightsmagazine.fr/contactez-nous/
https://frenchnewz.fr,https://frenchnewz.fr/quelle-capacite/
https://couplesrehab.com,https://couplesrehab.com/resources/treatment-levels/
https://centrumher.eu,https://centrumher.eu/user/lost-password
https://bommelerwaard.net,NOT FOUND
https://demokrathaber.org,https://demokrathaber.org/cdn-cgi/l/email-protection
https://pressora.fr,https://pressora.fr/contactez-nous/
https://technected.com,NOT FOUND
https://blognewsly.co.uk,https://blognewsly.co.uk/contact-us/
https://strandsanswers.co.uk,https://strandsanswers.co.uk/past-wordle-words/
https://grandmagazine.co.uk,https://grandmagazine.co.uk/2026/09/01/
https://newsgiiga.com,https://newsgiiga.com/newsgiga-com/
https://thestripesblog.org,https://thestripesblog.org/about-us/
https://theserpentrogue.org,https://theserpentrogue.org/2026/08/27/
https://logicalshout.org,https://logicalshout.org/about-us/
https://dreamtravelstory.com,https://dreamtravelstory.com/about-us/
https://decoratoradvice.info,https://decoratoradvice.info/2026/09/24/
https://brasssmiles.org,https://brasssmiles.org/contact-us/
https://techkjb.com,https://techkjb.com/2026/09/
https://adventure-journey.com,NOT FOUND
https://howmanyofmes.com,https://howmanyofmes.com/last-name-frequency-checker
https://charfen.co.uk,https://charfen.co.uk/about-us/
https://postplace.co.uk,https://postplace.co.uk/wp-login.php?redirect_to=https%3A%2F%2Fpostplace.co.uk
https://thetanel.co.uk,https://thetanel.co.uk/my-account-week_pro/
https://praiseear.co.uk,https://praiseear.co.uk/student-houses-stoke-on-trent-finding-suitable-student-accommodation/
https://okayuj.co.uk,https://okayuj.co.uk/write-for-us/
https://ventsdigital.co.uk,https://ventsdigital.co.uk/about-us/
https://thehear.co.uk,https://thehear.co.uk/contact-us/
https://stealthgram.org.uk,https://stealthgram.org.uk/business/
https://vocalmagazine.co.uk,NOT FOUND
https://loopertimes.co.uk,https://loopertimes.co.uk/contact-us/
https://themeaner.com,https://themeaner.com/2026/09/
https://lirunning.com,https://lirunning.com/about-us/
https://megazee.com,https://megazee.com/wp-login.php?redirect_to=https%3A%2F%2Fmegazee.com
https://robconner.com,https://robconner.com/my-bookmarks/
https://tradrmom.com,https://tradrmom.com/abouts-us/
https://sebelles.com,https://sebelles.com/about-us/
https://pkwys.com,https://pkwys.com/my-bookmarks/
https://almawadahittech.com,https://almawadahittech.com/services/
https://fameimpactmagazine.com,https://fameimpactmagazine.com/game-hints/wordle-hints-today/
https://newscod.org,NOT FOUND
https://ddmalar.org,https://ddmalar.org/how-classroom-publishing-projects-build-stronger-writers/
https://traveltweakshotels.info,https://traveltweakshotels.info/about-travel-tweaks-hotels/
https://globallifestories.com,https://globallifestories.com/privacy-policy-2/
https://rodemaanmedia.nl,NOT FOUND
https://fashionadvies.nl,NOT FOUND
https://remindmagazine.de,https://remindmagazine.de/ueber-uns/
https://lifeinsaudiarabia.net,NOT FOUND
https://llythelabel.com,https://llythelabel.com/orlando-magic-vs-atlanta-hawks-match-player-stats/
https://college4.in,https://college4.in/about-us/
https://mhealer.co.uk,https://mhealer.co.uk/improve-workplace-safety-with-forklift-truck-refresher-training/
https://uselegance.co.uk,https://uselegance.co.uk/common-beauty-mistakes-youre-making-every-day/
https://travelnester.co.uk,https://travelnester.co.uk/family-friendly-apartment-holidays-in-santa-ponsa/
https://studywisdom.co.uk,https://studywisdom.co.uk/wp-login.php?redirect_to=https%3A%2F%2Fstudywisdom.co.uk
https://rozgamer.co.uk,https://rozgamer.co.uk/understanding-low-fee-deposit-methods-for-online-casinos/
https://prolearnintitute.com,https://prolearnintitute.com/ligue-1-2014-2015-away-value-handicap-targets/
https://theintelligencemagazine.com,https://theintelligencemagazine.com/top-tech-companies-for-app-development-in-houston/
https://gossipsinsider.de,https://gossipsinsider.de/uber-uns/
https://inmagazine.uk,https://inmagazine.uk/contact-us/
https://borsso.hu,https://borsso.hu/cdn-cgi/l/email-protection
https://geekhost.hu,NOT FOUND
https://poharszek.hu,https://poharszek.hu/desszert/
https://frohlich.hu,https://frohlich.hu/misc/rovidtavu-befektetes-2025/
https://magnifiquemartinique.fr,https://magnifiquemartinique.fr/guillaume-farde/
https://howtogulf.com,https://howtogulf.com/about-us/
https://trendifymagazine.com,https://trendifymagazine.com/how-to-keep-office-kitchens-and-break-rooms-clean/
https://drovenio.org,https://drovenio.org/contact-us-drovenio/
https://promiwelt.at,https://promiwelt.at/uber-uns/
https://brightside.hu,https://brightside.hu/inspiracio-es-mindennapok/
https://crewdisquantified.org,https://crewdisquantified.org/about-us/
https://multiplestoriesz.com,https://multiplestoriesz.com/famparentlife-entrepreneurial-parent-infoguide-from-famousparenting/
https://cloudpfp.com,https://cloudpfp.com/2026/09/17/
https://instanomy.net,
https://ringssizechart.com,
https://domainmagazine.blog,
https://infofinding.de,
https://gulfemarat.com,
https://uaeklicks.com,
https://khaleejemirates.com,
https://urbankhaleej.com,
https://mansionsplatter.com,
https://goodmood.hu,
https://ecoterra.hu,
https://agorasoftwares.com,
https://orangeparenting.com,
https://tenemosnoticias.com,
https://mijnfijnehuisje.nl,
